{"cameraMode":{"drawMode":0,"name":"Shaded","section":"Shading Mode"},"sceneLighting":true,"audioPlay":false,"sceneViewState":{"m_AlwaysRefresh":false,"showFog":true,"showSkybox":true,"showFlares":true,"showImageEffects":true,"showParticleSystems":true,"showVisualEffectGraphs":true,"m_FxEnabled":true},"in2DMode":false,"pivot":{"x":-3.0441622734069826,"y":2.538663625717163,"z":84.52951049804688},"rotation":{"x":-0.0585687980055809,"y":0.0076721347868442539,"z":0.00039457291131839156,"w":0.998772382736206},"size":1.4716590642929078,"orthographic":false}