{"cameraMode":{"drawMode":0,"name":"Shaded","section":"Shading Mode"},"sceneLighting":true,"audioPlay":false,"sceneViewState":{"m_AlwaysRefresh":false,"showFog":true,"showSkybox":false,"showFlares":true,"showImageEffects":true,"showParticleSystems":true,"showVisualEffectGraphs":true,"m_FxEnabled":true},"in2DMode":false,"pivot":{"x":10.269970893859864,"y":28.988554000854493,"z":119.42435455322266},"rotation":{"x":-0.21611519157886506,"y":0.7685509324073792,"z":-0.4989904761314392,"w":-0.3390628397464752},"size":0.41344374418258669,"orthographic":false}