{"cameraMode":{"drawMode":0,"name":"Shaded","section":"Shading Mode"},"sceneLighting":false,"audioPlay":false,"sceneViewState":{"m_AlwaysRefresh":false,"showFog":true,"showSkybox":false,"showFlares":true,"showImageEffects":true,"showParticleSystems":true,"showVisualEffectGraphs":true,"m_FxEnabled":true},"in2DMode":false,"pivot":{"x":-0.0003961324691772461,"y":0.7924015522003174,"z":0.011886119842529297},"rotation":{"x":0.2395811676979065,"y":0.6109863519668579,"z":-0.20112314820289613,"w":0.7278463840484619},"size":2.0688533782958986,"orthographic":false}