{"cameraMode":{"drawMode":0,"name":"Shaded","section":"Shading Mode"},"sceneLighting":false,"audioPlay":false,"sceneViewState":{"m_AlwaysRefresh":false,"showFog":true,"showSkybox":false,"showFlares":true,"showImageEffects":true,"showParticleSystems":true,"showVisualEffectGraphs":true,"m_FxEnabled":true},"in2DMode":false,"pivot":{"x":-1.0481024980545045,"y":2.4330551624298097,"z":-2.635706901550293},"rotation":{"x":0.017621105536818506,"y":0.9816750288009644,"z":0.10941429436206818,"w":-0.1579582840204239},"size":3.8812038898468019,"orthographic":false}