{"cameraMode":{"drawMode":0,"name":"Shaded","section":"Shading Mode"},"sceneLighting":false,"audioPlay":false,"sceneViewState":{"m_AlwaysRefresh":false,"showFog":true,"showSkybox":false,"showFlares":true,"showImageEffects":true,"showParticleSystems":true,"showVisualEffectGraphs":true,"m_FxEnabled":true},"in2DMode":false,"pivot":{"x":-2.569349765777588,"y":22.863771438598634,"z":295.4144287109375},"rotation":{"x":0.0007019436452537775,"y":-0.9224951863288879,"z":0.387315034866333,"w":-0.0041844286024570469},"size":0.8660253882408142,"orthographic":false}