{"cameraMode":{"drawMode":0,"name":"Shaded","section":"Shading Mode"},"sceneLighting":false,"audioPlay":false,"sceneViewState":{"m_AlwaysRefresh":false,"showFog":true,"showSkybox":false,"showFlares":true,"showImageEffects":true,"showParticleSystems":true,"showVisualEffectGraphs":true,"m_FxEnabled":true},"in2DMode":false,"pivot":{"x":-4.634685516357422,"y":1.1520490646362305,"z":10.539999961853028},"rotation":{"x":0.38962963223457339,"y":-0.03314720839262009,"z":0.014026893302798272,"w":0.920278787612915},"size":3.4954090118408205,"orthographic":false}