{"cameraMode":{"drawMode":0,"name":"Shaded","section":"Shading Mode"},"sceneLighting":false,"audioPlay":false,"sceneViewState":{"m_AlwaysRefresh":false,"showFog":true,"showSkybox":false,"showFlares":true,"showImageEffects":true,"showParticleSystems":true,"showVisualEffectGraphs":true,"m_FxEnabled":true},"in2DMode":false,"pivot":{"x":-0.00025337934494018555,"y":0.6203429698944092,"z":-0.03029477596282959},"rotation":{"x":0.2395811676979065,"y":0.6109863519668579,"z":-0.20112314820289613,"w":0.7278463840484619},"size":2.0492188930511476,"orthographic":false}