{"cameraMode":{"drawMode":0,"name":"Shaded","section":"Shading Mode"},"sceneLighting":false,"audioPlay":false,"sceneViewState":{"m_AlwaysRefresh":false,"showFog":true,"showSkybox":false,"showFlares":true,"showImageEffects":true,"showParticleSystems":true,"showVisualEffectGraphs":true,"m_FxEnabled":true},"in2DMode":false,"pivot":{"x":0.3541910648345947,"y":9.575291633605957,"z":337.9705505371094},"rotation":{"x":0.0074403672479093079,"y":0.9910868406295776,"z":-0.11356815695762634,"w":0.07579764723777771},"size":5.121164798736572,"orthographic":false}