{"cameraMode":{"drawMode":0,"name":"Shaded","section":"Shading Mode"},"sceneLighting":false,"audioPlay":false,"sceneViewState":{"m_AlwaysRefresh":false,"showFog":true,"showSkybox":false,"showFlares":true,"showImageEffects":true,"showParticleSystems":true,"showVisualEffectGraphs":true,"m_FxEnabled":true},"in2DMode":false,"pivot":{"x":4.980686664581299,"y":1.4229047298431397,"z":-21.168678283691408},"rotation":{"x":0.026934102177619935,"y":0.00015788116434123367,"z":-0.00037165210233069956,"w":1.000036597251892},"size":0.6766557097434998,"orthographic":false}