{"cameraMode":{"drawMode":0,"name":"Shaded","section":"Shading Mode"},"sceneLighting":false,"audioPlay":false,"sceneViewState":{"m_AlwaysRefresh":false,"showFog":true,"showSkybox":false,"showFlares":true,"showImageEffects":true,"showParticleSystems":true,"showVisualEffectGraphs":true,"m_FxEnabled":true},"in2DMode":false,"pivot":{"x":0.15268874168395997,"y":2.9052841663360597,"z":0.1462397575378418},"rotation":{"x":-0.22452598810195924,"y":-0.03511963039636612,"z":0.0075992196798324589,"w":-0.9741910696029663},"size":5.958078384399414,"orthographic":false}